ID;Faixa Horário;Mês do Fato;Ano do Fato;Dia da Semana;CONSUMAÇÃO;QUALIFICACAO_CATEGORIA;UF;GRUPO NATUREZA;Faixa Etária;PROFISSAO;SEXO;Cor;Grau de Instrução;RISP
412672920;18 AS 20:59;Fev;2020;Qui;CONSUMADO;VÍTIMA;GO;Estupro;35 A 64;Não Informado;FEMININO;NÃO INFORMADO;Não Informado;01ª RISP - GOIÂNIA
404401440;15 AS 17:59;Jan;2020;Quar;CONSUMADO;VÍTIMA;GO;Estupro;12 A 17;Não Informado;FEMININO;NÃO INFORMADO;Não Informado;16ª RISP - TRINDADE
453208800;21 AS 23:59;Mai;2020;Sex;CONSUMADO;VÍTIMA;GO;Estupro;35 A 64;Não Informado;FEMININO;NÃO INFORMADO;Não Informado;11ª RISP - FORMOSA
421312290;0 AS 2:59;Fev;2020;Ter;CONSUMADO;VÍTIMA;GO;Estupro;18 A 24;Não Informado;FEMININO;NÃO INFORMADO;Não Informado;13ª RISP - POSSE
429497220;6 AS 8:59;Mar;2020;Dom;CONSUMADO;VÍTIMA;GO;Estupro;12 A 17;Não Informado;FEMININO;NÃO INFORMADO;Não Informado;03ª RISP - ANÁPOLIS
449254200;18 AS 20:59;Abr;2020;Dom;CONSUMADO;VÍTIMA;GO;Estupro;35 A 64;Não Informado;FEMININO;NÃO INFORMADO;01. FUNDAMENTAL INCOMPLETO;09ª RISP - CATALÃO
454282680;0 AS 2:59;Jun;2020;Ter;CONSUMADO;VÍTIMA;GO;Estupro;18 A 24;Não Informado;FEMININO;NÃO INFORMADO;Não Informado;03ª RISP - ANÁPOLIS
455162460;9 AS 11:59;Jun;2020;Qui;CONSUMADO;VÍTIMA;GO;Estupro;18 A 24;Não Informado;FEMININO;NÃO INFORMADO;Não Informado;03ª RISP - ANÁPOLIS
480438960;6 AS 8:59;Ago;2020;Dom;CONSUMADO;VÍTIMA;GO;Estupro;30 A 34;Não Informado;FEMININO;NÃO INFORMADO;Não Informado;03ª RISP - ANÁPOLIS
506675520;0 AS 2:59;Out;2020;Dom;CONSUMADO;VÍTIMA;GO;Estupro;35 A 64;Desempregado;FEMININO;NÃO INFORMADA;02. FUNDAMENTAL COMPLETO;03ª RISP - ANÁPOLIS
523868520;0 AS 2:59;Dez;2020;Sáb;CONSUMADO;VÍTIMA;GO;Estupro;35 A 64;Não Informado;FEMININO;BRANCA;Não Informado;03ª RISP - ANÁPOLIS
415657200;3 AS 5:59;Fev;2020;Sáb;CONSUMADO;VÍTIMA;GO;Estupro;18 A 24;Não Informado;FEMININO;NÃO INFORMADO;Não Informado;02ª RISP - APARECIDA DE GOIÂNIA
449828310;18 AS 20:59;Mai;2020;Quar;CONSUMADO;VÍTIMA;GO;Estupro;18 A 24;Não Informado;FEMININO;NÃO INFORMADO;Não Informado;03ª RISP - ANÁPOLIS
500952600;21 AS 23:59;Out;2020;Quar;CONSUMADO;VÍTIMA;GO;Estupro;18 A 24;Não Informado;FEMININO;NÃO INFORMADO;Não Informado;02ª RISP - APARECIDA DE GOIÂNIA
508875990;21 AS 23:59;Nov;2020;Dom;CONSUMADO;VÍTIMA;GO;Estupro;12 A 17;Não Informado;FEMININO;NÃO INFORMADA;Não Informado;02ª RISP - APARECIDA DE GOIÂNIA
508875990;21 AS 23:59;Nov;2020;Dom;CONSUMADO;VÍTIMA;GO;Estupro;18 A 24;Borracheiro;FEMININO;PARDA;Não Informado;02ª RISP - APARECIDA DE GOIÂNIA
528354840;3 AS 5:59;Dez;2020;Qui;CONSUMADO;VÍTIMA;GO;Estupro;18 A 24;Especialista em Mídia;FEMININO;PARDA;06. SUPERIOR COMPLETO;01ª RISP - GOIÂNIA
554107770;0 AS 2:59;Out;2020;Qui;CONSUMADO;VÍTIMA;GO;Estupro;35 A 64;Não Informado;FEMININO;NÃO INFORMADO;Não Informado;15ª RISP - GOIANÉSIA
451801080;15 AS 17:59;Mai;2020;Qui;CONSUMADO;VÍTIMA;GO;Estupro;12 A 17;Não Informado;FEMININO;NÃO INFORMADO;Não Informado;04ª RISP - CIDADE DE GOIÁS
528342180;0 AS 2:59;Dez;2020;Qui;CONSUMADO;VÍTIMA;GO;Estupro;12 A 17;Não Informado;FEMININO;NÃO INFORMADA;Não Informado;08ª RISP - RIO VERDE
433416990;18 AS 20:59;Mar;2020;Seg;CONSUMADO;VÍTIMA;GO;Estupro;12 A 17;Não Informado;FEMININO;NÃO INFORMADO;Não Informado;19ª RISP - CALDAS NOVAS
500822610;12 AS 14:59;Out;2020;Sáb;CONSUMADO;VÍTIMA;GO;Estupro;35 A 64;Não Informado;FEMININO;NÃO INFORMADO;Não Informado;05ª RISP - LUZIÂNIA
403462050;6 AS 8:59;Jan;2020;Seg;CONSUMADO;VÍTIMA;GO;Estupro;18 A 24;Não Informado;FEMININO;NÃO INFORMADO;Não Informado;17ª RISP - ÁGUAS LINDAS
513715500;3 AS 5:59;Nov;2020;Dom;CONSUMADO;VÍTIMA;GO;Estupro;25 A 29;Não Informado;FEMININO;NÃO INFORMADO;Não Informado;02ª RISP - APARECIDA DE GOIÂNIA
531129750;21 AS 23:59;Dez;2020;Qui;CONSUMADO;VÍTIMA;GO;Estupro;35 A 64;Não Informado;FEMININO;NÃO INFORMADO;04. MÉDIO COMPLETO;07ª RISP - IPORÁ
521640960;15 AS 17:59;Dez;2020;Dom;CONSUMADO;VÍTIMA;GO;Estupro;18 A 24;Não Informado;FEMININO;NÃO INFORMADA;99. NÃO INFORMADO;01ª RISP - GOIÂNIA
407562120;18 AS 20:59;Jan;2020;Quar;CONSUMADO;VÍTIMA;GO;Estupro;12 A 17;Não Informado;FEMININO;NÃO INFORMADO;Não Informado;05ª RISP - LUZIÂNIA
417010830;21 AS 23:59;Fev;2020;Seg;CONSUMADO;VÍTIMA;GO;Estupro;12 A 17;Não Informado;FEMININO;NÃO INFORMADO;Não Informado;17ª RISP - ÁGUAS LINDAS
427472790;0 AS 2:59;Mar;2020;Seg;CONSUMADO;VÍTIMA;GO;Estupro;35 A 64;Não Informado;FEMININO;NÃO INFORMADO;Não Informado;01ª RISP - GOIÂNIA
440982450;6 AS 8:59;Abr;2020;Dom;CONSUMADO;VÍTIMA;GO;Estupro;30 A 34;Vendedor de Loja;FEMININO;BRANCA;04. MÉDIO COMPLETO;05ª RISP - LUZIÂNIA
448801170;0 AS 2:59;Mai;2020;Seg;CONSUMADO;VÍTIMA;GO;Estupro;35 A 64;Atendente de E-Commerce;FEMININO;NÃO INFORMADO;03. MÉDIO INCOMPLETO;17ª RISP - ÁGUAS LINDAS
406707510;3 AS 5:59;Jan;2020;Quar;CONSUMADO;VÍTIMA;GO;Estupro;12 A 17;Não Informado;FEMININO;NÃO INFORMADO;Não Informado;05ª RISP - LUZIÂNIA
454607190;21 AS 23:59;Jun;2020;Ter;CONSUMADO;VÍTIMA;GO;Estupro;18 A 24;Não Informado;FEMININO;NÃO INFORMADO;02. FUNDAMENTAL COMPLETO;05ª RISP - LUZIÂNIA
462458100;18 AS 20:59;Jun;2020;Quar;CONSUMADO;VÍTIMA;GO;Estupro;30 A 34;Não Informado;FEMININO;NÃO INFORMADO;Não Informado;05ª RISP - LUZIÂNIA
475984260;15 AS 17:59;Jul;2020;Sex;CONSUMADO;VÍTIMA;GO;Estupro;35 A 64;Pastor;FEMININO;PARDA;01. FUNDAMENTAL INCOMPLETO;11ª RISP - FORMOSA
484940940;3 AS 5:59;Ago;2020;Sex;CONSUMADO;VÍTIMA;GO;Estupro;18 A 24;Não Informado;FEMININO;NÃO INFORMADO;Não Informado;01ª RISP - GOIÂNIA
488968410;0 AS 2:59;Set;2020;Ter;CONSUMADO;VÍTIMA;GO;Estupro;18 A 24;DO LAR;FEMININO;NÃO INFORMADO;04. MÉDIO COMPLETO;05ª RISP - LUZIÂNIA
489982530;9 AS 11:59;Set;2020;Qui;CONSUMADO;VÍTIMA;GO;Estupro;25 A 29;Não Informado;FEMININO;NÃO INFORMADO;Não Informado;05ª RISP - LUZIÂNIA
496583610;0 AS 2:59;Set;2020;Sáb;CONSUMADO;VÍTIMA;GO;Estupro;35 A 64;Não Informado;FEMININO;NÃO INFORMADA;Não Informado;17ª RISP - ÁGUAS LINDAS
454618290;21 AS 23:59;Jun;2020;Ter;CONSUMADO;VÍTIMA;GO;Estupro;18 A 24;Não Informado;FEMININO;NÃO INFORMADO;Não Informado;05ª RISP - LUZIÂNIA
501809460;9 AS 11:59;Out;2020;Ter;CONSUMADO;VÍTIMA;GO;Estupro;18 A 24;Não Informado;FEMININO;NÃO INFORMADO;Não Informado;05ª RISP - LUZIÂNIA
512374980;12 AS 14:59;Nov;2020;Quar;CONSUMADO;VÍTIMA;GO;Estupro;18 A 24;Não Informado;FEMININO;NÃO INFORMADO;Não Informado;17ª RISP - ÁGUAS LINDAS
512757810;6 AS 8:59;Nov;2020;Qui;CONSUMADO;VÍTIMA;GO;Estupro;35 A 64;Vendedor;FEMININO;NÃO INFORMADO;04. MÉDIO COMPLETO;11ª RISP - FORMOSA
527425710;15 AS 17:59;Ago;2020;Seg;CONSUMADO;VÍTIMA;GO;Estupro;35 A 64;Não Informado;FEMININO;NÃO INFORMADA;04. MÉDIO COMPLETO;17ª RISP - ÁGUAS LINDAS
516135780;18 AS 20:59;Nov;2020;Sáb;CONSUMADO;VÍTIMA;GO;Estupro;18 A 24;Estudante;FEMININO;NÃO INFORMADO;04. MÉDIO COMPLETO;05ª RISP - LUZIÂNIA
529999260;15 AS 17:59;Dez;2020;Seg;CONSUMADO;VÍTIMA;GO;Estupro;0 A 11;Não Informado;FEMININO;PARDA;Não Informado;05ª RISP - LUZIÂNIA
547044120;9 AS 11:59;Jul;2020;Ter;CONSUMADO;VÍTIMA;GO;Estupro;12 A 17;Estudante;FEMININO;BRANCA;01. FUNDAMENTAL INCOMPLETO;05ª RISP - LUZIÂNIA
563665080;0 AS 2:59;Dez;2020;Qui;CONSUMADO;VÍTIMA;GO;Estupro;25 A 29;Não Informado;FEMININO;PARDA;Não Informado;17ª RISP - ÁGUAS LINDAS
590417340;0 AS 2:59;Dez;2020;Qui;CONSUMADO;VÍTIMA;GO;Estupro;35 A 64;Servidor Público;FEMININO;NÃO INFORMADA;06. SUPERIOR COMPLETO;01ª RISP - GOIÂNIA
560604660;0 AS 2:59;Set;2020;Ter;CONSUMADO;VÍTIMA;GO;Estupro;35 A 64;Não Informado;FEMININO;NÃO INFORMADO;Não Informado;05ª RISP - LUZIÂNIA
443046330;6 AS 8:59;Abr;2020;Qui;CONSUMADO;VÍTIMA;GO;Estupro;12 A 17;Estudante;FEMININO;NÃO INFORMADO;03. MÉDIO INCOMPLETO;01ª RISP - GOIÂNIA
420791370;6 AS 8:59;Fev;2020;Sex;CONSUMADO;VÍTIMA;GO;Estupro;12 A 17;Não Informado;FEMININO;NÃO INFORMADO;Não Informado;02ª RISP - APARECIDA DE GOIÂNIA
495186180;21 AS 23:59;Set;2020;Dom;CONSUMADO;VÍTIMA;GO;Estupro;30 A 34;Não Informado;FEMININO;NÃO INFORMADO;Não Informado;11ª RISP - FORMOSA
406686690;21 AS 23:59;Jan;2020;Ter;CONSUMADO;VÍTIMA;GO;Estupro;18 A 24;Estudante;FEMININO;NÃO INFORMADO;Não Informado;03ª RISP - ANÁPOLIS
428552070;6 AS 8:59;Mar;2020;Qui;CONSUMADO;VÍTIMA;GO;Estupro;18 A 24;Auxiliar Administrativo;FEMININO;NÃO INFORMADO;05. SUPERIOR INCOMPLETO;01ª RISP - GOIÂNIA
400897380;3 AS 5:59;Jan;2020;Seg;CONSUMADO;VÍTIMA;GO;Estupro;25 A 29;Não Informado;FEMININO;NÃO INFORMADO;Não Informado;13ª RISP - POSSE
440502570;18 AS 20:59;Abr;2020;Quar;CONSUMADO;VÍTIMA;GO;Estupro;65 OU +;Aposentado;FEMININO;NÃO INFORMADO;00. NÃO-ALFABETIZADO;15ª RISP - GOIANÉSIA
431293440;12 AS 14:59;Mar;2020;Sáb;CONSUMADO;VÍTIMA;GO;Estupro;35 A 64;Não Informado;FEMININO;NÃO INFORMADO;Não Informado;08ª RISP - RIO VERDE
436395720;12 AS 14:59;Abr;2020;Dom;CONSUMADO;VÍTIMA;GO;Estupro;0 A 11;Não Informado;FEMININO;NÃO INFORMADO;Não Informado;09ª RISP - CATALÃO
520431210;18 AS 20:59;Dez;2020;Quar;CONSUMADO;VÍTIMA;GO;Estupro;0 A 11;Não Informado;FEMININO;PARDA;Não Informado;09ª RISP - CATALÃO
405414480;18 AS 20:59;Jan;2020;Sex;CONSUMADO;VÍTIMA;GO;Estupro;18 A 24;Do Lar;FEMININO;NÃO INFORMADO;03. MÉDIO INCOMPLETO;02ª RISP - APARECIDA DE GOIÂNIA
528199620;15 AS 17:59;Dez;2020;Quar;CONSUMADO;VÍTIMA;GO;Estupro;12 A 17;Não Informado;FEMININO;BRANCA;Não Informado;17ª RISP - ÁGUAS LINDAS
493117050;9 AS 11:59;Set;2020;Sáb;CONSUMADO;VÍTIMA;GO;Estupro;18 A 24;Desempregado;FEMININO;NÃO INFORMADO;04. MÉDIO COMPLETO;01ª RISP - GOIÂNIA
508875990;21 AS 23:59;Nov;2020;Dom;CONSUMADO;VÍTIMA;GO;Estupro;18 A 24;Não Informado;FEMININO;PARDA;Não Informado;02ª RISP - APARECIDA DE GOIÂNIA
498499260;21 AS 23:59;Out;2020;Sáb;CONSUMADO;VÍTIMA;GO;Estupro;35 A 64;Não Informado;FEMININO;NÃO INFORMADO;Não Informado;01ª RISP - GOIÂNIA
440296950;18 AS 20:59;Abr;2020;Qui;CONSUMADO;VÍTIMA;GO;Estupro;25 A 29;Não Informado;FEMININO;NÃO INFORMADO;99. NÃO INFORMADO;02ª RISP - APARECIDA DE GOIÂNIA
436373250;21 AS 23:59;Abr;2020;Dom;CONSUMADO;VÍTIMA;GO;Estupro;18 A 24;Não Informado;FEMININO;PARDA;03. MÉDIO INCOMPLETO;08ª RISP - RIO VERDE
521734230;0 AS 2:59;Dez;2020;Dom;CONSUMADO;VÍTIMA;GO;Estupro;30 A 34;Não Informado;FEMININO;BRANCA;Não Informado;17ª RISP - ÁGUAS LINDAS
522444720;0 AS 2:59;Dez;2020;Seg;CONSUMADO;VÍTIMA;GO;Estupro;30 A 34;Recepcionista;FEMININO;NEGRA;06. SUPERIOR COMPLETO;01ª RISP - GOIÂNIA
508281690;9 AS 11:59;Out;2020;Sáb;CONSUMADO;VÍTIMA;GO;Estupro;35 A 64;Não Informado;FEMININO;NÃO INFORMADA;Não Informado;09ª RISP - CATALÃO
452982420;21 AS 23:59;Jan;2020;Seg;CONSUMADO;VÍTIMA;GO;Estupro;18 A 24;Não Informado;FEMININO;NÃO INFORMADO;Não Informado;17ª RISP - ÁGUAS LINDAS
400974300;9 AS 11:59;Jan;2020;Seg;CONSUMADO;VÍTIMA;GO;Estupro;18 A 24;Não Informado;FEMININO;NÃO INFORMADO;03. MÉDIO INCOMPLETO;14ª RISP - JATAÍ
423169260;18 AS 20:59;Mar;2020;Quar;CONSUMADO;VÍTIMA;GO;Estupro;35 A 64;Não Informado;FEMININO;NÃO INFORMADO;Não Informado;05ª RISP - LUZIÂNIA
532294590;15 AS 17:59;Dez;2020;Qui;CONSUMADO;VÍTIMA;GO;Estupro;18 A 24;ESTUDANTE;FEMININO;BRANCA;Não Informado;02ª RISP - APARECIDA DE GOIÂNIA
401837280;21 AS 23:59;Jan;2020;Dom;CONSUMADO;VÍTIMA;GO;Estupro;12 A 17;Não Informado;FEMININO;NÃO INFORMADO;Não Informado;11ª RISP - FORMOSA
410206080;15 AS 17:59;Jan;2020;Qui;CONSUMADO;VÍTIMA;GO;Estupro;65 OU +;Não Informado;FEMININO;NÃO INFORMADO;Não Informado;19ª RISP - CALDAS NOVAS
525394170;18 AS 20:59;Dez;2020;Ter;CONSUMADO;VÍTIMA;GO;Estupro;0 A 11;Não Informado;FEMININO;NÃO INFORMADA;Não Informado;11ª RISP - FORMOSA
473552490;12 AS 14:59;Jul;2020;Seg;CONSUMADO;VÍTIMA;GO;Estupro;18 A 24;Não Informado;FEMININO;NÃO INFORMADO;Não Informado;19ª RISP - CALDAS NOVAS
517505940;9 AS 11:59;Nov;2020;Sáb;CONSUMADO;VÍTIMA;GO;Estupro;18 A 24;Não Informado;FEMININO;NÃO INFORMADO;Não Informado;01ª RISP - GOIÂNIA
422342190;0 AS 2:59;Fev;2020;Quar;CONSUMADO;VÍTIMA;GO;Estupro;18 A 24;Não Informado;FEMININO;NÃO INFORMADO;05. SUPERIOR INCOMPLETO;05ª RISP - LUZIÂNIA
423935490;6 AS 8:59;Mar;2020;Sáb;CONSUMADO;VÍTIMA;GO;Estupro;18 A 24;Não Informado;FEMININO;NÃO INFORMADO;05. SUPERIOR INCOMPLETO;05ª RISP - LUZIÂNIA
468577170;21 AS 23:59;Jul;2020;Sáb;CONSUMADO;VÍTIMA;GO;Estupro;12 A 17;Não Informado;FEMININO;NÃO INFORMADO;Não Informado;05ª RISP - LUZIÂNIA
500822610;12 AS 14:59;Out;2020;Sáb;CONSUMADO;VÍTIMA;GO;Estupro;12 A 17;Não Informado;FEMININO;PARDA;Não Informado;05ª RISP - LUZIÂNIA
459672060;12 AS 14:59;Jun;2020;Sex;CONSUMADO;VÍTIMA;GO;Estupro;30 A 34;Não Informado;FEMININO;NÃO INFORMADO;Não Informado;15ª RISP - GOIANÉSIA
505267170;18 AS 20:59;Jul;2020;Seg;CONSUMADO;VÍTIMA;GO;Estupro;12 A 17;Estudante;FEMININO;NÃO INFORMADA;03. MÉDIO INCOMPLETO;15ª RISP - GOIANÉSIA
402966180;3 AS 5:59;Jan;2020;Sáb;CONSUMADO;VÍTIMA;GO;Estupro;35 A 64;Enfermeiro;FEMININO;NÃO INFORMADO;06. SUPERIOR COMPLETO;01ª RISP - GOIÂNIA
406052070;9 AS 11:59;Jan;2020;Sex;CONSUMADO;VÍTIMA;GO;Estupro;35 A 64;Não Informado;FEMININO;NÃO INFORMADO;Não Informado;01ª RISP - GOIÂNIA
407078040;0 AS 2:59;Jan;2020;Quar;CONSUMADO;VÍTIMA;GO;Estupro;18 A 24;Não Informado;FEMININO;NÃO INFORMADO;Não Informado;01ª RISP - GOIÂNIA
407827050;21 AS 23:59;Jan;2020;Sex;CONSUMADO;VÍTIMA;GO;Estupro;18 A 24;Auxiliar de Cozinha;FEMININO;NÃO INFORMADO;Não Informado;16ª RISP - TRINDADE
408666270;21 AS 23:59;Jan;2020;Qui;CONSUMADO;VÍTIMA;GO;Estupro;25 A 29;Não Informado;FEMININO;NÃO INFORMADO;Não Informado;06ª RISP - ITUMBIARA
410417490;3 AS 5:59;Fev;2020;Sáb;CONSUMADO;VÍTIMA;GO;Estupro;12 A 17;Não Informado;FEMININO;NÃO INFORMADO;Não Informado;01ª RISP - GOIÂNIA
422232600;3 AS 5:59;Fev;2020;Sáb;CONSUMADO;VÍTIMA;GO;Estupro;18 A 24;Estudante;FEMININO;NÃO INFORMADO;05. SUPERIOR INCOMPLETO;01ª RISP - GOIÂNIA
422100120;21 AS 23:59;Jan;2020;Dom;CONSUMADO;VÍTIMA;GO;Estupro;25 A 29;Não Informado;FEMININO;NÃO INFORMADO;Não Informado;01ª RISP - GOIÂNIA
422718960;9 AS 11:59;Mar;2020;Quar;CONSUMADO;VÍTIMA;GO;Estupro;18 A 24;Estudante;FEMININO;NÃO INFORMADO;04. MÉDIO COMPLETO;01ª RISP - GOIÂNIA
411696720;15 AS 17:59;Fev;2020;Ter;CONSUMADO;VÍTIMA;GO;Estupro;12 A 17;Não Informado;FEMININO;NÃO INFORMADO;Não Informado;01ª RISP - GOIÂNIA
435203190;9 AS 11:59;Fev;2020;Sex;CONSUMADO;VÍTIMA;GO;Estupro;12 A 17;Não Informado;FEMININO;NÃO INFORMADO;Não Informado;02ª RISP - APARECIDA DE GOIÂNIA
437826120;6 AS 8:59;Fev;2020;Ter;CONSUMADO;VÍTIMA;GO;Estupro;18 A 24;Comerciante;FEMININO;NÃO INFORMADO;Não Informado;01ª RISP - GOIÂNIA
439760880;18 AS 20:59;Abr;2020;Quar;CONSUMADO;VÍTIMA;GO;Estupro;12 A 17;Estudante;FEMININO;NÃO INFORMADO;Não Informado;01ª RISP - GOIÂNIA
442073370;18 AS 20:59;Fev;2020;Ter;CONSUMADO;VÍTIMA;GO;Estupro;25 A 29;Cuidador de Idosos;FEMININO;NÃO INFORMADO;06. SUPERIOR COMPLETO;01ª RISP - GOIÂNIA
446826030;21 AS 23:59;Mai;2020;Dom;CONSUMADO;VÍTIMA;GO;Estupro;18 A 24;Não Informado;FEMININO;NÃO INFORMADO;Não Informado;01ª RISP - GOIÂNIA
448812780;0 AS 2:59;Mai;2020;Seg;CONSUMADO;VÍTIMA;GO;Estupro;12 A 17;Não Informado;FEMININO;NÃO INFORMADO;Não Informado;16ª RISP - TRINDADE
450864840;12 AS 14:59;Mai;2020;Sáb;CONSUMADO;VÍTIMA;GO;Estupro;30 A 34;Não Informado;FEMININO;NÃO INFORMADO;Não Informado;01ª RISP - GOIÂNIA
423089430;12 AS 14:59;Mar;2020;Quar;CONSUMADO;VÍTIMA;GO;Estupro;18 A 24;Do Lar;FEMININO;NÃO INFORMADO;03. MÉDIO INCOMPLETO;16ª RISP - TRINDADE
423089430;12 AS 14:59;Mar;2020;Quar;CONSUMADO;VÍTIMA;GO;Estupro;0 A 11;Não Informado;FEMININO;NÃO INFORMADO;99. NÃO INFORMADO;16ª RISP - TRINDADE
464479440;21 AS 23:59;Jun;2020;Sex;CONSUMADO;VÍTIMA;GO;Estupro;18 A 24;Vendedor;FEMININO;NÃO INFORMADO;04. MÉDIO COMPLETO;02ª RISP - APARECIDA DE GOIÂNIA
469767540;6 AS 8:59;Jul;2020;Qui;CONSUMADO;VÍTIMA;GO;Estupro;18 A 24;Não Informado;FEMININO;NÃO INFORMADO;Não Informado;19ª RISP - CALDAS NOVAS
472226850;15 AS 17:59;Jul;2020;Qui;CONSUMADO;VÍTIMA;GO;Estupro;30 A 34;Manicure e Pedicure;FEMININO;NÃO INFORMADO;04. MÉDIO COMPLETO;02ª RISP - APARECIDA DE GOIÂNIA
475556550;0 AS 2:59;Ago;2020;Dom;CONSUMADO;VÍTIMA;GO;Estupro;18 A 24;Não Informado;FEMININO;NÃO INFORMADO;Não Informado;01ª RISP - GOIÂNIA
476728050;18 AS 20:59;Ago;2020;Quar;CONSUMADO;VÍTIMA;GO;Estupro;35 A 64;Não Informado;FEMININO;NÃO INFORMADO;Não Informado;02ª RISP - APARECIDA DE GOIÂNIA
481645380;3 AS 5:59;Ago;2020;Seg;CONSUMADO;VÍTIMA;GO;Estupro;35 A 64;Não Informado;FEMININO;NÃO INFORMADO;Não Informado;01ª RISP - GOIÂNIA
482745660;15 AS 17:59;Mar;2020;Qui;CONSUMADO;VÍTIMA;GO;Estupro;18 A 24;Médico;FEMININO;NÃO INFORMADO;06. SUPERIOR COMPLETO;01ª RISP - GOIÂNIA
490246500;18 AS 20:59;Set;2020;Qui;CONSUMADO;VÍTIMA;GO;Estupro;18 A 24;Não Informado;FEMININO;NÃO INFORMADO;Não Informado;02ª RISP - APARECIDA DE GOIÂNIA
492291660;12 AS 14:59;Ago;2020;Seg;CONSUMADO;VÍTIMA;GO;Estupro;18 A 24;Não Informado;FEMININO;NÃO INFORMADO;Não Informado;01ª RISP - GOIÂNIA
440758860;15 AS 17:59;Abr;2020;Sáb;CONSUMADO;VÍTIMA;GO;Estupro;18 A 24;Estudante;FEMININO;NÃO INFORMADO;01. FUNDAMENTAL INCOMPLETO;08ª RISP - RIO VERDE
420058260;12 AS 14:59;Fev;2020;Quar;CONSUMADO;VÍTIMA;GO;Estupro;18 A 24;Não Informado;FEMININO;NÃO INFORMADO;Não Informado;03ª RISP - ANÁPOLIS
482197860;3 AS 5:59;Ago;2020;Sex;CONSUMADO;VÍTIMA;GO;Estupro;35 A 64;Não Informado;FEMININO;NÃO INFORMADO;Não Informado;02ª RISP - APARECIDA DE GOIÂNIA
496556370;0 AS 2:59;Set;2020;Dom;CONSUMADO;VÍTIMA;GO;Estupro;18 A 24;Não Informado;FEMININO;NÃO INFORMADO;Não Informado;16ª RISP - TRINDADE
502435860;0 AS 2:59;Fev;2020;Sex;CONSUMADO;VÍTIMA;GO;Estupro;35 A 64;Vendedor;FEMININO;PARDA;06. SUPERIOR COMPLETO;01ª RISP - GOIÂNIA
506410050;21 AS 23:59;Mai;2020;Seg;CONSUMADO;VÍTIMA;GO;Estupro;18 A 24;Não Informado;FEMININO;NÃO INFORMADO;Não Informado;02ª RISP - APARECIDA DE GOIÂNIA
515908500;9 AS 11:59;Nov;2020;Sáb;CONSUMADO;VÍTIMA;GO;Estupro;12 A 17;Não Informado;FEMININO;BRANCA;Não Informado;02ª RISP - APARECIDA DE GOIÂNIA
516543930;3 AS 5:59;Nov;2020;Seg;CONSUMADO;VÍTIMA;GO;Estupro;25 A 29;Não Informado;FEMININO;NEGRA;Não Informado;01ª RISP - GOIÂNIA
420888420;12 AS 14:59;Fev;2020;Quar;CONSUMADO;VÍTIMA;GO;Estupro;18 A 24;Não Informado;FEMININO;NÃO INFORMADO;Não Informado;02ª RISP - APARECIDA DE GOIÂNIA
530842410;21 AS 23:59;Dez;2020;Quar;CONSUMADO;VÍTIMA;GO;Estupro;18 A 24;Operador de Caixa;FEMININO;NÃO INFORMADO;04. MÉDIO COMPLETO;01ª RISP - GOIÂNIA
468025560;3 AS 5:59;Jul;2020;Sáb;CONSUMADO;VÍTIMA;GO;Estupro;35 A 64;Farmacêutico Bioquímico;FEMININO;NÃO INFORMADO;06. SUPERIOR COMPLETO;01ª RISP - GOIÂNIA
538257780;0 AS 2:59;Dez;2020;Qui;CONSUMADO;VÍTIMA;GO;Estupro;12 A 17;Não Informado;FEMININO;NÃO INFORMADA;Não Informado;16ª RISP - TRINDADE
570760380;9 AS 11:59;Abr;2020;Ter;CONSUMADO;VÍTIMA;GO;Estupro;25 A 29;Técnico em Secretariado;FEMININO;NEGRA;04. MÉDIO COMPLETO;01ª RISP - GOIÂNIA
649317750;9 AS 11:59;Out;2020;Sáb;CONSUMADO;VÍTIMA;GO;Estupro;12 A 17;Não Informado;FEMININO;NÃO INFORMADA;Não Informado;16ª RISP - TRINDADE
478461000;21 AS 23:59;Ago;2020;Dom;CONSUMADO;VÍTIMA;GO;Estupro;18 A 24;Não Informado;FEMININO;NÃO INFORMADO;Não Informado;02ª RISP - APARECIDA DE GOIÂNIA
404350890;12 AS 14:59;Jan;2020;Quar;CONSUMADO;VÍTIMA;GO;Estupro;35 A 64;Não Informado;FEMININO;NÃO INFORMADO;Não Informado;04ª RISP - CIDADE DE GOIÁS
461400060;6 AS 8:59;Jun;2020;Sáb;CONSUMADO;VÍTIMA;GO;Estupro;30 A 34;ESTUDANTE;FEMININO;PARDA;04. MÉDIO COMPLETO;04ª RISP - CIDADE DE GOIÁS
514008090;21 AS 23:59;Nov;2020;Sáb;CONSUMADO;VÍTIMA;GO;Estupro;35 A 64;Não Informado;FEMININO;PARDA;Não Informado;06ª RISP - ITUMBIARA
461131920;0 AS 2:59;Jun;2020;Dom;CONSUMADO;VÍTIMA;GO;Estupro;30 A 34;Auxiliar de Produção;FEMININO;NÃO INFORMADO;03. MÉDIO INCOMPLETO;01ª RISP - GOIÂNIA
509560200;15 AS 17:59;Nov;2020;Ter;CONSUMADO;VÍTIMA;GO;Estupro;12 A 17;Não Informado;FEMININO;NÃO INFORMADA;Não Informado;06ª RISP - ITUMBIARA
454879740;18 AS 20:59;Jun;2020;Quar;CONSUMADO;VÍTIMA;GO;Estupro;12 A 17;Não Informado;FEMININO;NÃO INFORMADO;Não Informado;01ª RISP - GOIÂNIA
491068440;6 AS 8:59;Set;2020;Sáb;CONSUMADO;VÍTIMA;GO;Estupro;35 A 64;Do Lar;FEMININO;NÃO INFORMADO;Não Informado;12ª RISP - PORANGATU
507572850;9 AS 11:59;Out;2020;Qui;CONSUMADO;VÍTIMA;GO;Estupro;35 A 64;Não Informado;FEMININO;NÃO INFORMADO;99. NÃO INFORMADO;15ª RISP - GOIANÉSIA
429523050;9 AS 11:59;Mar;2020;Dom;CONSUMADO;VÍTIMA;GO;Estupro;35 A 64;Não Informado;FEMININO;NÃO INFORMADO;04. MÉDIO COMPLETO;01ª RISP - GOIÂNIA
449950740;0 AS 2:59;Fev;2020;Quar;CONSUMADO;VÍTIMA;GO;Estupro;35 A 64;Não Informado;FEMININO;NÃO INFORMADO;Não Informado;16ª RISP - TRINDADE
450908220;15 AS 17:59;Mai;2020;Sáb;CONSUMADO;VÍTIMA;GO;Estupro;35 A 64;Não Informado;FEMININO;NÃO INFORMADO;Não Informado;16ª RISP - TRINDADE
472491420;18 AS 20:59;Jul;2020;Quar;CONSUMADO;VÍTIMA;GO;Estupro;35 A 64;Não Informado;FEMININO;NÃO INFORMADO;Não Informado;16ª RISP - TRINDADE
472507350;21 AS 23:59;Jul;2020;Qui;CONSUMADO;VÍTIMA;GO;Estupro;35 A 64;Não Informado;FEMININO;NÃO INFORMADO;Não Informado;16ª RISP - TRINDADE
486275910;15 AS 17:59;Ago;2020;Seg;CONSUMADO;VÍTIMA;GO;Estupro;12 A 17;Não Informado;FEMININO;NÃO INFORMADO;Não Informado;16ª RISP - TRINDADE
503460270;0 AS 2:59;Out;2020;Dom;CONSUMADO;VÍTIMA;GO;Estupro;18 A 24;Não Informado;FEMININO;NÃO INFORMADO;Não Informado;09ª RISP - CATALÃO
422009220;21 AS 23:59;Fev;2020;Seg;CONSUMADO;VÍTIMA;GO;Estupro;35 A 64;Cobrador de Ônibus;FEMININO;NÃO INFORMADO;04. MÉDIO COMPLETO;05ª RISP - LUZIÂNIA
461551560;21 AS 23:59;Mar;2020;Dom;CONSUMADO;VÍTIMA;GO;Estupro;18 A 24;Auxiliar de Serviços Gerais;FEMININO;NÃO INFORMADO;04. MÉDIO COMPLETO;07ª RISP - IPORÁ
525664380;3 AS 5:59;Dez;2020;Qui;CONSUMADO;VÍTIMA;GO;Estupro;25 A 29;Não Informado;FEMININO;PARDA;Não Informado;08ª RISP - RIO VERDE
471455640;21 AS 23:59;Jul;2020;Sáb;CONSUMADO;VÍTIMA;GO;Estupro;35 A 64;Não Informado;FEMININO;NÃO INFORMADO;01. FUNDAMENTAL INCOMPLETO;01ª RISP - GOIÂNIA
450702090;18 AS 20:59;Mai;2020;Sex;CONSUMADO;VÍTIMA;GO;Estupro;18 A 24;Não Informado;FEMININO;NÃO INFORMADO;03. MÉDIO INCOMPLETO;05ª RISP - LUZIÂNIA
402653250;18 AS 20:59;Jan;2020;Sex;CONSUMADO;VÍTIMA;GO;Estupro;30 A 34;TECNICA  DE ENFERMAGEM;FEMININO;NÃO INFORMADO;04. MÉDIO COMPLETO;05ª RISP - LUZIÂNIA
443150550;3 AS 5:59;Mai;2020;Sáb;CONSUMADO;VÍTIMA;GO;Estupro;35 A 64;Não Informado;FEMININO;NÃO INFORMADO;Não Informado;08ª RISP - RIO VERDE
432235050;18 AS 20:59;Fev;2020;Qui;CONSUMADO;VÍTIMA;GO;Estupro;12 A 17;Não Informado;FEMININO;NÃO INFORMADO;Não Informado;01ª RISP - GOIÂNIA
533027880;21 AS 23:59;Dez;2020;Sáb;CONSUMADO;VÍTIMA;GO;Estupro;18 A 24;Não Informado;FEMININO;NÃO INFORMADA;Não Informado;02ª RISP - APARECIDA DE GOIÂNIA
466946430;0 AS 2:59;Jul;2020;Quar;CONSUMADO;VÍTIMA;GO;Estupro;18 A 24;Não Informado;FEMININO;PARDA;00. NÃO-ALFABETIZADO;14ª RISP - JATAÍ
511363650;0 AS 2:59;Nov;2020;Dom;CONSUMADO;VÍTIMA;GO;Estupro;30 A 34;Vendedor;FEMININO;NÃO INFORMADO;Não Informado;14ª RISP - JATAÍ
529919820;3 AS 5:59;Dez;2020;Dom;CONSUMADO;VÍTIMA;GO;Estupro;25 A 29;Costureiro;FEMININO;NÃO INFORMADO;Não Informado;02ª RISP - APARECIDA DE GOIÂNIA
503081730;9 AS 11:59;Out;2020;Sex;CONSUMADO;VÍTIMA;GO;Estupro;35 A 64;Professor de Educação Física;FEMININO;BRANCA;99. NÃO INFORMADO;02ª RISP - APARECIDA DE GOIÂNIA
434376060;18 AS 20:59;Abr;2020;Seg;CONSUMADO;VÍTIMA;GO;Estupro;18 A 24;Não Informado;FEMININO;NÃO INFORMADO;Não Informado;16ª RISP - TRINDADE
425245320;12 AS 14:59;Mar;2020;Ter;CONSUMADO;VÍTIMA;GO;Estupro;18 A 24;Não Informado;FEMININO;NÃO INFORMADO;Não Informado;05ª RISP - LUZIÂNIA
433517610;6 AS 8:59;Abr;2020;Sáb;CONSUMADO;VÍTIMA;GO;Estupro;18 A 24;Estudante;FEMININO;NÃO INFORMADO;03. MÉDIO INCOMPLETO;05ª RISP - LUZIÂNIA
469078890;21 AS 23:59;Jun;2020;Quar;CONSUMADO;VÍTIMA;GO;Estupro;35 A 64;Não Informado;FEMININO;NÃO INFORMADO;Não Informado;05ª RISP - LUZIÂNIA
417933630;21 AS 23:59;Fev;2020;Qui;CONSUMADO;VÍTIMA;GO;Estupro;18 A 24;Estudante;FEMININO;NÃO INFORMADO;05. SUPERIOR INCOMPLETO;05ª RISP - LUZIÂNIA
487696470;0 AS 2:59;Set;2020;Quar;CONSUMADO;VÍTIMA;GO;Estupro;12 A 17;Não Informado;FEMININO;NÃO INFORMADO;04. MÉDIO COMPLETO;05ª RISP - LUZIÂNIA
498357990;12 AS 14:59;Out;2020;Sáb;CONSUMADO;VÍTIMA;GO;Estupro;12 A 17;Não Informado;FEMININO;NÃO INFORMADA;Não Informado;05ª RISP - LUZIÂNIA
538632090;9 AS 11:59;Jul;2020;Sáb;CONSUMADO;VÍTIMA;GO;Estupro;12 A 17;Estudante;FEMININO;PARDA;99. NÃO INFORMADO;14ª RISP - JATAÍ
506691390;9 AS 11:59;Out;2020;Seg;CONSUMADO;VÍTIMA;GO;Estupro;35 A 64;Auxiliar Administrativo;FEMININO;NEGRA;02. FUNDAMENTAL COMPLETO;05ª RISP - LUZIÂNIA
517761900;9 AS 11:59;Jul;2020;Sex;CONSUMADO;VÍTIMA;GO;Estupro;35 A 64;Não Informado;FEMININO;NÃO INFORMADO;Não Informado;09ª RISP - CATALÃO
442067790;0 AS 2:59;Abr;2020;Qui;CONSUMADO;VÍTIMA;GO;Estupro;12 A 17;Não Informado;FEMININO;NÃO INFORMADO;Não Informado;04ª RISP - CIDADE DE GOIÁS
400129800;18 AS 20:59;Jan;2020;Qui;CONSUMADO;VÍTIMA;GO;Estupro;18 A 24;Não Informado;FEMININO;NÃO INFORMADO;Não Informado;02ª RISP - APARECIDA DE GOIÂNIA
442083510;18 AS 20:59;Abr;2020;Dom;CONSUMADO;VÍTIMA;GO;Estupro;35 A 64;Não Informado;FEMININO;NÃO INFORMADO;Não Informado;05ª RISP - LUZIÂNIA
509674170;15 AS 17:59;Set;2020;Seg;CONSUMADO;VÍTIMA;GO;Estupro;18 A 24;Não Informado;FEMININO;PARDA;Não Informado;18ª RISP - URUAÇU
514154940;3 AS 5:59;Nov;2020;Dom;CONSUMADO;VÍTIMA;GO;Estupro;18 A 24;Não Informado;FEMININO;NÃO INFORMADO;Não Informado;13ª RISP - POSSE
466841220;9 AS 11:59;Jul;2020;Seg;CONSUMADO;VÍTIMA;GO;Estupro;25 A 29;Operador de Caixa;FEMININO;NÃO INFORMADO;03. MÉDIO INCOMPLETO;01ª RISP - GOIÂNIA
460628610;21 AS 23:59;Jun;2020;Sex;CONSUMADO;VÍTIMA;GO;Estupro;18 A 24;Operador de Call Center;FEMININO;NÃO INFORMADO;05. SUPERIOR INCOMPLETO;01ª RISP - GOIÂNIA
476526750;18 AS 20:59;Jun;2020;Sáb;CONSUMADO;VÍTIMA;GO;Estupro;18 A 24;Não Informado;FEMININO;NÃO INFORMADO;Não Informado;02ª RISP - APARECIDA DE GOIÂNIA
481116210;6 AS 8:59;Ago;2020;Sáb;CONSUMADO;VÍTIMA;GO;Estupro;18 A 24;Não Informado;FEMININO;NÃO INFORMADO;04. MÉDIO COMPLETO;07ª RISP - IPORÁ
552945480;0 AS 2:59;Nov;2020;Ter;CONSUMADO;VÍTIMA;GO;Estupro;12 A 17;Não Informado;FEMININO;NÃO INFORMADA;Não Informado;11ª RISP - FORMOSA
487136280;0 AS 2:59;Ago;2020;Sáb;CONSUMADO;VÍTIMA;GO;Estupro;18 A 24;Não Informado;FEMININO;NÃO INFORMADO;99. NÃO INFORMADO;03ª RISP - ANÁPOLIS
527466390;0 AS 2:59;Set;2020;Ter;CONSUMADO;VÍTIMA;GO;Estupro;12 A 17;Não Informado;FEMININO;NÃO INFORMADA;Não Informado;11ª RISP - FORMOSA
499900830;0 AS 2:59;Mai;2020;Dom;CONSUMADO;VÍTIMA;GO;Estupro;12 A 17;Não Informado;FEMININO;BRANCA;Não Informado;01ª RISP - GOIÂNIA
412701360;9 AS 11:59;Fev;2020;Qui;CONSUMADO;VÍTIMA;GO;Estupro;18 A 24;Auxiliar de Loja;FEMININO;NÃO INFORMADO;04. MÉDIO COMPLETO;01ª RISP - GOIÂNIA
442182120;18 AS 20:59;Abr;2020;Sáb;CONSUMADO;VÍTIMA;GO;Estupro;65 OU +;Não Informado;FEMININO;NÃO INFORMADO;Não Informado;02ª RISP - APARECIDA DE GOIÂNIA
403538760;6 AS 8:59;Jan;2020;Sáb;CONSUMADO;VÍTIMA;GO;Estupro;35 A 64;Do Lar;FEMININO;NÃO INFORMADO;02. FUNDAMENTAL COMPLETO;09ª RISP - CATALÃO
434788140;18 AS 20:59;Abr;2020;Sex;CONSUMADO;VÍTIMA;GO;Estupro;35 A 64;Não Informado;FEMININO;NÃO INFORMADO;Não Informado;02ª RISP - APARECIDA DE GOIÂNIA
518964450;12 AS 14:59;Nov;2020;Dom;CONSUMADO;VÍTIMA;GO;Estupro;30 A 34;Não Informado;FEMININO;NÃO INFORMADA;99. NÃO INFORMADO;14ª RISP - JATAÍ
630076050;0 AS 2:59;Jul;2020;Dom;CONSUMADO;VÍTIMA;GO;Estupro;30 A 34;Servidor Público;FEMININO;NÃO INFORMADA;04. MÉDIO COMPLETO;01ª RISP - GOIÂNIA
424636500;9 AS 11:59;Mar;2020;Quar;CONSUMADO;VÍTIMA;GO;Estupro;12 A 17;Não Informado;FEMININO;NÃO INFORMADO;Não Informado;08ª RISP - RIO VERDE
445001340;9 AS 11:59;Mai;2020;Qui;CONSUMADO;VÍTIMA;GO;Estupro;35 A 64;Não Informado;FEMININO;NÃO INFORMADO;Não Informado;05ª RISP - LUZIÂNIA
438783300;21 AS 23:59;Abr;2020;Dom;CONSUMADO;VÍTIMA;GO;Estupro;18 A 24;Estudante;FEMININO;NÃO INFORMADO;04. MÉDIO COMPLETO;08ª RISP - RIO VERDE
497917110;18 AS 20:59;Out;2020;Qui;CONSUMADO;VÍTIMA;GO;Estupro;35 A 64;Gerente Comercial;FEMININO;NÃO INFORMADO;04. MÉDIO COMPLETO;08ª RISP - RIO VERDE
482665590;6 AS 8:59;Ago;2020;Sáb;CONSUMADO;VÍTIMA;GO;Estupro;35 A 64;Empregada Doméstica;FEMININO;NÃO INFORMADO;03. MÉDIO INCOMPLETO;02ª RISP - APARECIDA DE GOIÂNIA
466427310;15 AS 17:59;Mai;2020;Quar;CONSUMADO;VÍTIMA;GO;Estupro;35 A 64;Não Informado;FEMININO;NÃO INFORMADO;Não Informado;04ª RISP - CIDADE DE GOIÁS
463815780;21 AS 23:59;Jun;2020;Dom;CONSUMADO;VÍTIMA;GO;Estupro;12 A 17;Não Informado;FEMININO;NÃO INFORMADO;Não Informado;03ª RISP - ANÁPOLIS
407802300;21 AS 23:59;Jan;2020;Sex;CONSUMADO;VÍTIMA;GO;Estupro;18 A 24;Não Informado;FEMININO;NÃO INFORMADO;Não Informado;03ª RISP - ANÁPOLIS
406407570;21 AS 23:59;Jan;2020;Dom;CONSUMADO;VÍTIMA;GO;Estupro;25 A 29;Não Informado;FEMININO;NÃO INFORMADO;Não Informado;05ª RISP - LUZIÂNIA
443765250;21 AS 23:59;Abr;2020;Dom;CONSUMADO;VÍTIMA;GO;Estupro;35 A 64;Diarista;FEMININO;NÃO INFORMADO;99. NÃO INFORMADO;11ª RISP - FORMOSA
493836840;15 AS 17:59;Set;2020;Dom;CONSUMADO;VÍTIMA;GO;Estupro;18 A 24;Não Informado;FEMININO;NÃO INFORMADO;Não Informado;03ª RISP - ANÁPOLIS
458541630;15 AS 17:59;Jun;2020;Sáb;CONSUMADO;VÍTIMA;GO;Estupro;35 A 64;Diarista;FEMININO;NÃO INFORMADO;04. MÉDIO COMPLETO;17ª RISP - ÁGUAS LINDAS
527979840;21 AS 23:59;Dez;2020;Seg;CONSUMADO;VÍTIMA;GO;Estupro;25 A 29;Não Informado;FEMININO;PARDA;Não Informado;01ª RISP - GOIÂNIA
466427310;15 AS 17:59;Mai;2020;Quar;CONSUMADO;VÍTIMA;GO;Estupro;12 A 17;Não Informado;FEMININO;NÃO INFORMADO;Não Informado;04ª RISP - CIDADE DE GOIÁS
467032080;18 AS 20:59;Jun;2020;Seg;CONSUMADO;VÍTIMA;GO;Estupro;18 A 24;Não Informado;FEMININO;NÃO INFORMADO;Não Informado;19ª RISP - CALDAS NOVAS
488946270;9 AS 11:59;Ago;2020;Seg;CONSUMADO;VÍTIMA;GO;Estupro;18 A 24;Do Lar;FEMININO;NÃO INFORMADO;99. NÃO INFORMADO;08ª RISP - RIO VERDE
470783730;9 AS 11:59;Jul;2020;Dom;CONSUMADO;VÍTIMA;GO;Estupro;25 A 29;Não Informado;FEMININO;NÃO INFORMADO;Não Informado;06ª RISP - ITUMBIARA
434788140;18 AS 20:59;Abr;2020;Sex;CONSUMADO;VÍTIMA;GO;Estupro;12 A 17;Não Informado;FEMININO;NÃO INFORMADO;Não Informado;02ª RISP - APARECIDA DE GOIÂNIA
458581380;9 AS 11:59;Jun;2020;Dom;CONSUMADO;VÍTIMA;GO;Estupro;12 A 17;Não Informado;FEMININO;NÃO INFORMADO;01. FUNDAMENTAL INCOMPLETO;02ª RISP - APARECIDA DE GOIÂNIA
468060210;12 AS 14:59;Jul;2020;Quar;CONSUMADO;VÍTIMA;GO;Estupro;12 A 17;Não Informado;FEMININO;NÃO INFORMADO;Não Informado;02ª RISP - APARECIDA DE GOIÂNIA
593384040;0 AS 2:59;Out;2020;Qui;CONSUMADO;VÍTIMA;GO;Estupro;35 A 64;SERVIÇOS GERAIS;FEMININO;NÃO INFORMADO;02. FUNDAMENTAL COMPLETO;05ª RISP - LUZIÂNIA
493297020;18 AS 20:59;Set;2020;Sáb;CONSUMADO;VÍTIMA;GO;Estupro;12 A 17;Não Informado;FEMININO;NÃO INFORMADO;Não Informado;16ª RISP - TRINDADE
457910190;9 AS 11:59;Jun;2020;Sex;CONSUMADO;VÍTIMA;GO;Estupro;35 A 64;Não Informado;FEMININO;NÃO INFORMADO;Não Informado;05ª RISP - LUZIÂNIA
457910190;9 AS 11:59;Jun;2020;Sex;CONSUMADO;VÍTIMA;GO;Estupro;35 A 64;Guarda Municipal/Civil;FEMININO;PARDA;05. SUPERIOR INCOMPLETO;05ª RISP - LUZIÂNIA
507003420;6 AS 8:59;Out;2020;Quar;CONSUMADO;VÍTIMA;GO;Estupro;18 A 24;Não Informado;FEMININO;NÃO INFORMADO;Não Informado;17ª RISP - ÁGUAS LINDAS
422266320;6 AS 8:59;Mar;2020;Ter;CONSUMADO;VÍTIMA;GO;Estupro;65 OU +;Não Informado;FEMININO;NÃO INFORMADO;Não Informado;16ª RISP - TRINDADE
452977770;12 AS 14:59;Abr;2020;Sáb;CONSUMADO;VÍTIMA;GO;Estupro;12 A 17;Estudante;FEMININO;NÃO INFORMADO;Não Informado;14ª RISP - JATAÍ
513872490;3 AS 5:59;Nov;2020;Sáb;CONSUMADO;VÍTIMA;GO;Estupro;35 A 64;Operador de Caixa;FEMININO;PARDA;99. NÃO INFORMADO;01ª RISP - GOIÂNIA
507440220;0 AS 2:59;Set;2020;Ter;CONSUMADO;VÍTIMA;GO;Estupro;30 A 34;Não Informado;FEMININO;PARDA;Não Informado;02ª RISP - APARECIDA DE GOIÂNIA
578114760;12 AS 14:59;Out;2020;Qui;CONSUMADO;VÍTIMA;GO;Estupro;65 OU +;Não Informado;FEMININO;NEGRA;Não Informado;06ª RISP - ITUMBIARA
546499440;12 AS 14:59;Set;2020;Ter;CONSUMADO;VÍTIMA;GO;Estupro;12 A 17;Estudante;FEMININO;PARDA;Não Informado;18ª RISP - URUAÇU
442684770;18 AS 20:59;Abr;2020;Qui;CONSUMADO;VÍTIMA;GO;Estupro;18 A 24;Não Informado;FEMININO;NÃO INFORMADO;Não Informado;03ª RISP - ANÁPOLIS
400897380;3 AS 5:59;Jan;2020;Seg;CONSUMADO;VÍTIMA;GO;Estupro;18 A 24;Não Informado;FEMININO;NÃO INFORMADO;Não Informado;13ª RISP - POSSE
400897380;3 AS 5:59;Jan;2020;Seg;CONSUMADO;VÍTIMA;GO;Estupro;18 A 24;Não Informado;FEMININO;NÃO INFORMADO;Não Informado;13ª RISP - POSSE
403425450;6 AS 8:59;Jan;2020;Seg;CONSUMADO;VÍTIMA;GO;Estupro;12 A 17;Não Informado;FEMININO;NÃO INFORMADO;Não Informado;01ª RISP - GOIÂNIA
404968260;0 AS 2:59;Jan;2020;Sex;CONSUMADO;VÍTIMA;GO;Estupro;18 A 24;Não Informado;FEMININO;NEGRA;Não Informado;03ª RISP - ANÁPOLIS
410394750;21 AS 23:59;Jan;2020;Qui;CONSUMADO;VÍTIMA;GO;Estupro;18 A 24;Não Informado;FEMININO;NÃO INFORMADO;Não Informado;05ª RISP - LUZIÂNIA
413587470;21 AS 23:59;Fev;2020;Dom;CONSUMADO;VÍTIMA;GO;Estupro;18 A 24;Não Informado;FEMININO;NÃO INFORMADO;Não Informado;02ª RISP - APARECIDA DE GOIÂNIA
413665500;3 AS 5:59;Fev;2020;Seg;CONSUMADO;VÍTIMA;GO;Estupro;12 A 17;Não Informado;FEMININO;NÃO INFORMADO;Não Informado;02ª RISP - APARECIDA DE GOIÂNIA
415137180;15 AS 17:59;Fev;2020;Qui;CONSUMADO;VÍTIMA;GO;Estupro;12 A 17;Estudante;FEMININO;NÃO INFORMADO;Não Informado;14ª RISP - JATAÍ
416593800;0 AS 2:59;Fev;2020;Seg;CONSUMADO;VÍTIMA;GO;Estupro;12 A 17;Não Informado;FEMININO;NÃO INFORMADO;Não Informado;05ª RISP - LUZIÂNIA
417230160;9 AS 11:59;Fev;2020;Quar;CONSUMADO;VÍTIMA;GO;Estupro;35 A 64;Não Informado;FEMININO;NÃO INFORMADO;Não Informado;03ª RISP - ANÁPOLIS
417585330;0 AS 2:59;Fev;2020;Qui;CONSUMADO;VÍTIMA;GO;Estupro;35 A 64;Não Informado;FEMININO;NÃO INFORMADO;Não Informado;04ª RISP - CIDADE DE GOIÁS
416362890;0 AS 2:59;Fev;2020;Seg;CONSUMADO;VÍTIMA;GO;Estupro;12 A 17;Não Informado;FEMININO;NÃO INFORMADO;Não Informado;05ª RISP - LUZIÂNIA
416362890;0 AS 2:59;Fev;2020;Seg;CONSUMADO;VÍTIMA;GO;Estupro;12 A 17;Não Informado;FEMININO;NÃO INFORMADO;Não Informado;05ª RISP - LUZIÂNIA
420419490;0 AS 2:59;Fev;2020;Quar;CONSUMADO;VÍTIMA;GO;Estupro;18 A 24;Não Informado;FEMININO;NÃO INFORMADO;Não Informado;16ª RISP - TRINDADE
423258120;15 AS 17:59;Mar;2020;Qui;CONSUMADO;VÍTIMA;GO;Estupro;12 A 17;Não Informado;FEMININO;NÃO INFORMADO;Não Informado;02ª RISP - APARECIDA DE GOIÂNIA
425045820;18 AS 20:59;Mar;2020;Seg;CONSUMADO;VÍTIMA;GO;Estupro;30 A 34;Não Informado;FEMININO;NÃO INFORMADO;99. NÃO INFORMADO;02ª RISP - APARECIDA DE GOIÂNIA
425176050;18 AS 20:59;Mar;2020;Sáb;CONSUMADO;VÍTIMA;GO;Estupro;12 A 17;Não Informado;FEMININO;NÃO INFORMADO;Não Informado;05ª RISP - LUZIÂNIA
428324940;21 AS 23:59;Mar;2020;Ter;CONSUMADO;VÍTIMA;GO;Estupro;18 A 24;Não Informado;FEMININO;NÃO INFORMADO;Não Informado;05ª RISP - LUZIÂNIA
428279310;12 AS 14:59;Mar;2020;Quar;CONSUMADO;VÍTIMA;GO;Estupro;18 A 24;Não Informado;FEMININO;NÃO INFORMADO;Não Informado;04ª RISP - CIDADE DE GOIÁS
428535180;3 AS 5:59;Mar;2020;Qui;CONSUMADO;VÍTIMA;GO;Estupro;18 A 24;Não Informado;FEMININO;NÃO INFORMADO;Não Informado;01ª RISP - GOIÂNIA
428961120;0 AS 2:59;Fev;2020;Qui;CONSUMADO;VÍTIMA;GO;Estupro;18 A 24;Não Informado;FEMININO;NÃO INFORMADO;Não Informado;16ª RISP - TRINDADE
429657990;18 AS 20:59;Mar;2020;Dom;CONSUMADO;VÍTIMA;GO;Estupro;18 A 24;Não Informado;FEMININO;NÃO INFORMADO;Não Informado;07ª RISP - IPORÁ
431548860;6 AS 8:59;Mar;2020;Dom;CONSUMADO;VÍTIMA;GO;Estupro;30 A 34;Não Informado;FEMININO;NEGRA;Não Informado;11ª RISP - FORMOSA
434946570;15 AS 17:59;Abr;2020;Quar;CONSUMADO;VÍTIMA;GO;Estupro;25 A 29;Não Informado;FEMININO;NÃO INFORMADO;Não Informado;01ª RISP - GOIÂNIA
436882530;0 AS 2:59;Abr;2020;Dom;CONSUMADO;VÍTIMA;GO;Estupro;18 A 24;Não Informado;FEMININO;NÃO INFORMADO;Não Informado;05ª RISP - LUZIÂNIA
439674480;6 AS 8:59;Abr;2020;Sáb;CONSUMADO;VÍTIMA;GO;Estupro;12 A 17;Não Informado;FEMININO;NÃO INFORMADO;Não Informado;19ª RISP - CALDAS NOVAS
440684310;0 AS 2:59;Abr;2020;Sáb;CONSUMADO;VÍTIMA;GO;Estupro;35 A 64;Do Lar;FEMININO;NÃO INFORMADO;04. MÉDIO COMPLETO;08ª RISP - RIO VERDE
440957400;0 AS 2:59;Abr;2020;Dom;CONSUMADO;VÍTIMA;GO;Estupro;25 A 29;Não Informado;FEMININO;NÃO INFORMADO;Não Informado;12ª RISP - PORANGATU
443972040;21 AS 23:59;Abr;2020;Sex;CONSUMADO;VÍTIMA;GO;Estupro;30 A 34;Não Informado;FEMININO;NÃO INFORMADO;Não Informado;05ª RISP - LUZIÂNIA
445933890;21 AS 23:59;Mai;2020;Sáb;CONSUMADO;VÍTIMA;GO;Estupro;35 A 64;Não Informado;FEMININO;NÃO INFORMADO;Não Informado;13ª RISP - POSSE
446579760;15 AS 17:59;Mai;2020;Seg;CONSUMADO;VÍTIMA;GO;Estupro;35 A 64;Não Informado;FEMININO;NÃO INFORMADO;Não Informado;01ª RISP - GOIÂNIA
447800010;0 AS 2:59;Mai;2020;Qui;CONSUMADO;VÍTIMA;GO;Estupro;12 A 17;Não Informado;FEMININO;NÃO INFORMADO;Não Informado;13ª RISP - POSSE
449292090;0 AS 2:59;Mai;2020;Ter;CONSUMADO;VÍTIMA;GO;Estupro;18 A 24;Não Informado;FEMININO;NÃO INFORMADO;Não Informado;01ª RISP - GOIÂNIA
452993550;12 AS 14:59;Mai;2020;Sex;CONSUMADO;VÍTIMA;GO;Estupro;12 A 17;Não Informado;FEMININO;NÃO INFORMADO;Não Informado;05ª RISP - LUZIÂNIA
443955900;0 AS 2:59;Mai;2020;Sex;CONSUMADO;VÍTIMA;GO;Estupro;18 A 24;Não Informado;FEMININO;NÃO INFORMADO;Não Informado;16ª RISP - TRINDADE
454658430;0 AS 2:59;Jun;2020;Ter;CONSUMADO;VÍTIMA;GO;Estupro;18 A 24;Não Informado;FEMININO;NÃO INFORMADO;Não Informado;02ª RISP - APARECIDA DE GOIÂNIA
420119190;12 AS 14:59;Fev;2020;Ter;CONSUMADO;VÍTIMA;GO;Estupro;12 A 17;Estudante;FEMININO;NÃO INFORMADO;01. FUNDAMENTAL INCOMPLETO;06ª RISP - ITUMBIARA
405613860;21 AS 23:59;Jan;2020;Sáb;CONSUMADO;VÍTIMA;GO;Estupro;35 A 64;Não Informado;FEMININO;NÃO INFORMADO;Não Informado;16ª RISP - TRINDADE
456139680;9 AS 11:59;Jun;2020;Dom;CONSUMADO;VÍTIMA;GO;Estupro;30 A 34;Não Informado;FEMININO;NÃO INFORMADO;Não Informado;01ª RISP - GOIÂNIA
400012920;3 AS 5:59;Jan;2020;Sex;CONSUMADO;VÍTIMA;GO;Estupro;65 OU +;Não Informado;FEMININO;NÃO INFORMADO;Não Informado;05ª RISP - LUZIÂNIA
457877820;9 AS 11:59;Jun;2020;Sex;CONSUMADO;VÍTIMA;GO;Estupro;18 A 24;Não Informado;FEMININO;NÃO INFORMADO;Não Informado;02ª RISP - APARECIDA DE GOIÂNIA
447554100;0 AS 2:59;Mai;2020;Quar;CONSUMADO;VÍTIMA;GO;Estupro;18 A 24;Não Informado;FEMININO;NÃO INFORMADO;Não Informado;03ª RISP - ANÁPOLIS
459700410;12 AS 14:59;Jun;2020;Quar;CONSUMADO;VÍTIMA;GO;Estupro;35 A 64;Não Informado;FEMININO;NÃO INFORMADO;Não Informado;17ª RISP - ÁGUAS LINDAS
461528490;3 AS 5:59;Jun;2020;Dom;CONSUMADO;VÍTIMA;GO;Estupro;12 A 17;Não Informado;FEMININO;NÃO INFORMADO;Não Informado;09ª RISP - CATALÃO
467641500;3 AS 5:59;Jul;2020;Sex;CONSUMADO;VÍTIMA;GO;Estupro;18 A 24;Não Informado;FEMININO;NÃO INFORMADO;Não Informado;02ª RISP - APARECIDA DE GOIÂNIA
470059200;18 AS 20:59;Jul;2020;Qui;CONSUMADO;VÍTIMA;GO;Estupro;18 A 24;Não Informado;FEMININO;NÃO INFORMADO;Não Informado;08ª RISP - RIO VERDE
471204120;9 AS 11:59;Mai;2020;Qui;CONSUMADO;VÍTIMA;GO;Estupro;18 A 24;Não Informado;FEMININO;NÃO INFORMADO;Não Informado;17ª RISP - ÁGUAS LINDAS
471545040;15 AS 17:59;Jul;2020;Qui;CONSUMADO;VÍTIMA;GO;Estupro;35 A 64;Não Informado;FEMININO;NÃO INFORMADO;Não Informado;13ª RISP - POSSE
471734730;0 AS 2:59;Jul;2020;Quar;CONSUMADO;VÍTIMA;GO;Estupro;25 A 29;Desempregado;FEMININO;NÃO INFORMADO;Não Informado;14ª RISP - JATAÍ
472024860;21 AS 23:59;Jul;2020;Quar;CONSUMADO;VÍTIMA;GO;Estupro;0 A 11;Não Informado;FEMININO;NÃO INFORMADO;Não Informado;03ª RISP - ANÁPOLIS
476653920;21 AS 23:59;Mai;2020;Sex;CONSUMADO;VÍTIMA;GO;Estupro;12 A 17;Não Informado;FEMININO;NÃO INFORMADO;Não Informado;03ª RISP - ANÁPOLIS
476839080;0 AS 2:59;Ago;2020;Qui;CONSUMADO;VÍTIMA;GO;Estupro;35 A 64;Não Informado;FEMININO;NÃO INFORMADO;Não Informado;01ª RISP - GOIÂNIA
477023130;0 AS 2:59;Ago;2020;Ter;CONSUMADO;VÍTIMA;GO;Estupro;12 A 17;Não Informado;FEMININO;NÃO INFORMADO;Não Informado;16ª RISP - TRINDADE
486627840;21 AS 23:59;Jul;2020;Qui;CONSUMADO;VÍTIMA;GO;Estupro;25 A 29;Não Informado;FEMININO;NÃO INFORMADO;Não Informado;02ª RISP - APARECIDA DE GOIÂNIA
488129670;3 AS 5:59;Set;2020;Dom;CONSUMADO;VÍTIMA;GO;Estupro;30 A 34;Não Informado;FEMININO;NÃO INFORMADO;Não Informado;01ª RISP - GOIÂNIA
489346890;18 AS 20:59;Abr;2020;Sex;CONSUMADO;VÍTIMA;GO;Estupro;12 A 17;Não Informado;FEMININO;NÃO INFORMADO;Não Informado;02ª RISP - APARECIDA DE GOIÂNIA
490419030;12 AS 14:59;Set;2020;Sáb;CONSUMADO;VÍTIMA;GO;Estupro;25 A 29;Não Informado;FEMININO;NÃO INFORMADO;Não Informado;01ª RISP - GOIÂNIA
492810480;18 AS 20:59;Set;2020;Sex;CONSUMADO;VÍTIMA;GO;Estupro;12 A 17;Não Informado;FEMININO;INDIGENA;Não Informado;14ª RISP - JATAÍ
492810480;18 AS 20:59;Set;2020;Sex;CONSUMADO;VÍTIMA;GO;Estupro;18 A 24;Não Informado;FEMININO;NÃO INFORMADO;Não Informado;14ª RISP - JATAÍ
467315220;3 AS 5:59;Jun;2020;Sáb;CONSUMADO;VÍTIMA;GO;Estupro;25 A 29;Não Informado;FEMININO;NÃO INFORMADO;Não Informado;02ª RISP - APARECIDA DE GOIÂNIA
497862870;3 AS 5:59;Out;2020;Sex;CONSUMADO;VÍTIMA;GO;Estupro;18 A 24;Não Informado;FEMININO;NÃO INFORMADO;Não Informado;01ª RISP - GOIÂNIA
497928720;0 AS 2:59;Out;2020;Qui;CONSUMADO;VÍTIMA;GO;Estupro;12 A 17;Não Informado;FEMININO;NÃO INFORMADA;Não Informado;02ª RISP - APARECIDA DE GOIÂNIA
498098280;21 AS 23:59;Out;2020;Sex;CONSUMADO;VÍTIMA;GO;Estupro;35 A 64;Não Informado;FEMININO;NÃO INFORMADO;Não Informado;14ª RISP - JATAÍ
499082220;18 AS 20:59;Out;2020;Seg;CONSUMADO;VÍTIMA;GO;Estupro;30 A 34;Não Informado;FEMININO;NÃO INFORMADO;Não Informado;11ª RISP - FORMOSA
501324120;6 AS 8:59;Out;2020;Seg;CONSUMADO;VÍTIMA;GO;Estupro;35 A 64;Não Informado;FEMININO;NÃO INFORMADO;99. NÃO INFORMADO;01ª RISP - GOIÂNIA
500645820;21 AS 23:59;Out;2020;Sex;CONSUMADO;VÍTIMA;GO;Estupro;18 A 24;Não Informado;FEMININO;NÃO INFORMADO;Não Informado;03ª RISP - ANÁPOLIS
506432640;0 AS 2:59;Out;2020;Qui;CONSUMADO;VÍTIMA;GO;Estupro;65 OU +;Não Informado;FEMININO;NÃO INFORMADO;Não Informado;01ª RISP - GOIÂNIA
509638890;6 AS 8:59;Jul;2020;Sex;CONSUMADO;VÍTIMA;GO;Estupro;18 A 24;Não Informado;FEMININO;NÃO INFORMADO;Não Informado;17ª RISP - ÁGUAS LINDAS
514071720;9 AS 11:59;Nov;2020;Seg;CONSUMADO;VÍTIMA;GO;Estupro;12 A 17;Não Informado;FEMININO;NÃO INFORMADO;Não Informado;15ª RISP - GOIANÉSIA
525893580;12 AS 14:59;Dez;2020;Quar;CONSUMADO;VÍTIMA;GO;Estupro;30 A 34;Não Informado;FEMININO;NÃO INFORMADA;Não Informado;01ª RISP - GOIÂNIA
528600120;18 AS 20:59;Dez;2020;Qui;CONSUMADO;VÍTIMA;GO;Estupro;35 A 64;Não Informado;FEMININO;NÃO INFORMADO;Não Informado;19ª RISP - CALDAS NOVAS
530713230;15 AS 17:59;Dez;2020;Quar;CONSUMADO;VÍTIMA;GO;Estupro;25 A 29;Não Informado;FEMININO;NÃO INFORMADO;Não Informado;05ª RISP - LUZIÂNIA
545250390;3 AS 5:59;Fev;2020;Sex;CONSUMADO;VÍTIMA;GO;Estupro;18 A 24;Não Informado;FEMININO;BRANCA;Não Informado;05ª RISP - LUZIÂNIA
575541930;15 AS 17:59;Nov;2020;Sáb;CONSUMADO;VÍTIMA;GO;Estupro;18 A 24;Não Informado;FEMININO;NÃO INFORMADO;Não Informado;01ª RISP - GOIÂNIA
427477800;18 AS 20:59;Mar;2020;Sex;CONSUMADO;VÍTIMA;GO;Estupro;0 A 11;Não Informado;FEMININO;PARDA;Não Informado;08ª RISP - RIO VERDE
